time_s,it_heat_w,supply_temperature_c,mass_flow_kg_s,m1_return_temperature_c,m2_hardware_temperature_c,m2_return_temperature_c,m2_energy_residual_w
0,2500,30,0.5,30.956937799,30,30,0
2,2500,30,0.5,30.956937799,30.02,30,-1.13686837722e-13
4,2500,30,0.5,30.956937799,30.0392,30.008,-1.70530256582e-13
6,2500,30,0.5,30.956937799,30.057952,30.018808,3.2684965845e-13
8,2500,30,0.5,30.956937799,30.07638624,30.030534728,-8.52651282912e-14
10,2500,30,0.5,30.956937799,30.0945521795,30.0424935746,-5.68434188608e-14
12,2500,30,0.5,30.956937799,30.1124698353,30.0544358595,1.13686837722e-13
14,2500,30,0.5,30.956937799,30.1301484763,30.0662723552,2.84217094304e-14
16,2500,30,0.5,30.956937799,30.1475934314,30.0779718814,-2.84217094304e-13
18,2500,30,0.5,30.956937799,30.1648085694,30.0895243782,2.27373675443e-13
20,2500,30,0.5,30.956937799,30.1817972018,30.1009274597,-1.70530256582e-13
22,2500,30,0.5,30.956937799,30.1985624121,30.1121815174,1.13686837722e-13
24,2500,30,0.5,30.956937799,30.2151071763,30.1232879382,5.68434188608e-14
26,2500,30,0.5,30.956937799,30.2314344068,30.1342484544,-2.27373675443e-13
28,2500,30,0.5,30.956937799,30.2475469687,30.1450649084,-9.94759830064e-14
30,2500,30,0.5,30.956937799,30.2634476863,30.1557391667,-3.41060513165e-13
32,2500,30,0.5,30.956937799,30.2791393455,30.1662730887,-1.70530256582e-13
34,2500,30,0.5,30.956937799,30.2946246952,30.1766685159,5.68434188608e-14
36,2500,30,0.5,30.956937799,30.3099064481,30.1869272678,1.13686837722e-13
38,2500,30,0.5,30.956937799,30.3249872808,30.1970511409,0
40,2500,30,0.5,30.956937799,30.3398698352,30.2070419084,-1.13686837722e-13
42,2500,30,0.5,30.956937799,30.3545567182,30.2169013203,5.68434188608e-14
44,2500,30,0.5,30.956937799,30.3690505023,30.2266311035,-5.68434188608e-14
46,2500,30,0.5,30.956937799,30.3833537263,30.2362329624,-1.13686837722e-13
48,2500,30,0.5,30.956937799,30.3974688958,30.2457085788,0
50,2500,30,0.5,30.956937799,30.4113984831,30.2550596126,0
52,2500,30,0.5,30.956937799,30.4251449283,30.2642877018,1.27897692437e-13
54,2500,30,0.5,30.956937799,30.4387106392,30.2733944627,0
56,2500,30,0.5,30.956937799,30.4520979921,30.2823814906,-1.13686837722e-13
58,2500,30,0.5,30.956937799,30.4653093321,30.2912503597,1.13686837722e-13
60,2500,30,0.5,30.956937799,30.4783469732,30.3000026235,0
62,2500,30,0.5,30.956937799,30.4912131992,30.308639815,9.94759830064e-14
64,2500,30,0.5,30.956937799,30.5039102638,30.3171634474,-1.27897692437e-13
66,2500,30,0.5,30.956937799,30.5164403912,30.3255750134,0
68,2500,30,0.5,30.956937799,30.5288057761,30.3338759867,-9.94759830064e-14
70,2500,30,0.5,30.956937799,30.5410085845,30.3420678212,-1.13686837722e-13
72,2500,30,0.5,30.956937799,30.553050954,30.3501519519,1.13686837722e-13
74,2500,30,0.5,30.956937799,30.5649349939,30.3581297948,0
76,2500,30,0.5,30.956937799,30.5766627859,30.3660027473,-1.13686837722e-13
78,2500,30,0.5,30.956937799,30.5882363844,30.3737721886,-1.13686837722e-13
80,2500,30,0.5,30.956937799,30.5996578165,30.3814394795,0
82,2500,30,0.5,30.956937799,30.610929083,30.3890059631,-1.13686837722e-13
84,2500,30,0.5,30.956937799,30.6220521583,30.3964729648,0
86,2500,30,0.5,30.956937799,30.6330289905,30.4038417925,1.13686837722e-13
88,2500,30,0.5,30.956937799,30.6438615026,30.4111137371,-1.13686837722e-13
90,2500,30,0.5,30.956937799,30.654551592,30.4182900722,0
92,2500,30,0.5,30.956937799,30.6651011312,30.425372055,0
94,2500,30,0.5,30.956937799,30.6755119681,30.432360926,-1.13686837722e-13
96,2500,30,0.5,30.956937799,30.6857859265,30.4392579093,-1.13686837722e-13
98,2500,30,0.5,30.956937799,30.6959248058,30.4460642131,1.13686837722e-13
100,2500,30,0.5,30.956937799,30.7059303821,30.4527810296,2.27373675443e-13
102,2500,30,0.5,30.956937799,30.715804408,30.4594095354,0
104,2500,30,0.5,30.956937799,30.7255486131,30.4659508915,0
106,2500,30,0.5,30.956937799,30.7351647042,30.4724062438,0
108,2500,30,0.5,30.956937799,30.7446543658,30.478776723,0
110,2500,30,0.5,30.956937799,30.7540192601,30.485063445,-7.1054273576e-15
112,2500,30,0.5,30.956937799,30.7632610275,30.491267511,-1.13686837722e-13
114,2500,30,0.5,30.956937799,30.7723812868,30.4973900078,0
116,2500,30,0.5,30.956937799,30.7813816357,30.5034320078,0
118,2500,30,0.5,30.956937799,30.7902636505,30.5093945693,0
120,2500,30,0.5,30.956937799,30.7990288873,30.5152787368,0
122,2500,30,0.5,30.956937799,30.8076788813,30.521085541,-7.1054273576e-15
124,2500,30,0.5,30.956937799,30.8162151477,30.526815999,-1.13686837722e-13
126,2500,30,0.5,30.956937799,30.8246391817,30.5324711147,0
128,2500,30,0.5,30.956937799,30.832952459,30.5380518785,0
130,2500,30,0.5,30.956937799,30.8411564358,30.5435592681,0
132,2500,30,0.5,30.956937799,30.8492525491,30.5489942482,1.13686837722e-13
134,2500,30,0.5,30.956937799,30.8572422171,30.5543577707,0
136,2500,30,0.5,30.956937799,30.8651268392,30.5596507752,0
138,2500,30,0.5,30.956937799,30.8729077966,30.5648741888,0
140,2500,30,0.5,30.956937799,30.8805864523,30.5700289265,7.1054273576e-15
142,2500,30,0.5,30.956937799,30.8881641513,30.5751158912,0
144,2500,30,0.5,30.956937799,30.8956422209,30.580135974,0
146,2500,30,0.5,30.956937799,30.903021971,30.5850900542,0
148,2500,30,0.5,30.956937799,30.9103046943,30.5899789996,7.1054273576e-15
150,2500,30,0.5,30.956937799,30.9174916666,30.5948036666,0
152,2500,30,0.5,30.956937799,30.9245841466,30.5995649003,0
154,2500,30,0.5,30.956937799,30.9315833767,30.6042635346,0
156,2500,30,0.5,30.956937799,30.938490583,30.6089003927,0
158,2500,30,0.5,30.956937799,30.9453069754,30.6134762868,0
160,2500,30,0.5,30.956937799,30.9520337479,30.6179920183,0
162,2500,30,0.5,30.956937799,30.9586720787,30.6224483783,0
164,2500,30,0.5,30.956937799,30.9652231307,30.6268461474,7.1054273576e-15
166,2500,30,0.5,30.956937799,30.9716880513,30.6311860959,0
168,2500,30,0.5,30.956937799,30.9780679731,30.635468984,0
170,2500,30,0.5,30.956937799,30.9843640136,30.639695562,0
172,2500,30,0.5,30.956937799,30.9905772755,30.6438665702,0
174,2500,30,0.5,30.956937799,30.9967088473,30.6479827391,-7.1054273576e-15
176,2500,30,0.5,30.956937799,31.002759803,30.6520447899,0
178,2500,30,0.5,30.956937799,31.0087312024,30.656053434,0
180,2500,30,0.5,30.956937799,31.0146240917,30.6600093737,0
182,2500,30,0.5,30.956937799,31.020439503,30.6639133018,0
184,2500,30,0.5,30.956937799,31.0261784549,30.6677659022,0
186,2500,30,0.5,30.956937799,31.0318419528,30.6715678497,0
188,2500,30,0.5,30.956937799,31.0374309887,30.6753198104,0
190,2500,30,0.5,30.956937799,31.0429465416,30.6790224413,0
192,2500,30,0.5,30.956937799,31.0483895776,30.6826763912,0
194,2500,30,0.5,30.956937799,31.0537610501,30.6862823,0
196,2500,30,0.5,30.956937799,31.0590619001,30.6898407993,0
198,2500,30,0.5,30.956937799,31.0642930561,30.6933525126,0
200,2500,30,0.5,30.956937799,31.0694554343,30.6968180548,0
202,2500,30,0.5,30.956937799,31.0745499391,30.7002380332,0
204,2500,30,0.5,30.956937799,31.0795774629,30.7036130466,5.68434188608e-14
206,2500,30,0.5,30.956937799,31.0845388863,30.7069436864,0
208,2500,30,0.5,30.956937799,31.0894350783,30.7102305359,0
210,2500,30,0.5,30.956937799,31.0942668966,30.7134741708,0
212,2500,30,0.5,30.956937799,31.0990351875,30.7166751594,5.68434188608e-14
214,2500,30,0.5,30.956937799,31.1037407864,30.7198340623,0
216,2500,30,0.5,30.956937799,31.1083845174,30.7229514329,3.5527136788e-15
218,2500,30,0.5,30.956937799,31.1129671941,30.7260278173,5.68434188608e-14
220,2500,30,0.5,30.956937799,31.117489619,30.7290637542,0
222,2500,30,0.5,30.956937799,31.1219525844,30.7320597755,0
224,2500,30,0.5,30.956937799,31.126356872,30.735016406,0
226,2500,30,0.5,30.956937799,31.1307032534,30.7379341636,0
228,2500,30,0.5,30.956937799,31.1349924898,30.7408135593,-3.5527136788e-15
230,2500,30,0.5,30.956937799,31.1392253326,30.7436550976,-5.68434188608e-14
232,2500,30,0.5,30.956937799,31.1434025232,30.7464592762,0
234,2500,30,0.5,30.956937799,31.1475247933,30.7492265863,0
236,2500,30,0.5,30.956937799,31.151592865,30.7519575126,0
238,2500,30,0.5,30.956937799,31.1556074509,30.7546525334,5.68434188608e-14
240,2500,30,0.5,30.956937799,31.1595692542,30.7573121209,0
242,2500,30,0.5,30.956937799,31.1634789689,30.759936741,3.5527136788e-15
244,2500,30,0.5,30.956937799,31.1673372798,30.7625268533,0
246,2500,30,0.5,30.956937799,31.1711448627,30.7650829115,0
248,2500,30,0.5,30.956937799,31.1749023847,30.7676053635,0
250,2500,30,0.5,30.956937799,31.1786105038,30.770094651,0
252,2500,30,0.5,30.956937799,31.1822698697,30.7725512101,0
254,2500,30,0.5,30.956937799,31.1858811233,30.774975471,0
256,2500,30,0.5,30.956937799,31.1894448972,30.7773678585,-3.5527136788e-15
258,2500,30,0.5,30.956937799,31.1929618157,30.7797287916,3.5527136788e-15
260,2500,30,0.5,30.956937799,31.1964324947,30.7820586838,0
262,2500,30,0.5,30.956937799,31.1998575423,30.7843579432,0
264,2500,30,0.5,30.956937799,31.2032375583,30.7866269727,0
266,2500,30,0.5,30.956937799,31.2065731349,30.7888661697,0
268,2500,30,0.5,30.956937799,31.2098648563,30.7910759263,0
270,2500,30,0.5,30.956937799,31.2131132991,30.7932566297,0
272,2500,30,0.5,30.956937799,31.2163190323,30.7954086618,0
274,2500,30,0.5,30.956937799,31.2194826175,30.7975323997,0
276,2500,30,0.5,30.956937799,31.2226046088,30.7996282153,0
278,2500,30,0.5,30.956937799,31.225685553,30.8016964757,0
280,2500,30,0.5,30.956937799,31.2287259899,30.8037375432,-3.5527136788e-15
282,2500,30,0.5,30.956937799,31.2317264521,30.8057517754,0
284,2500,30,0.5,30.956937799,31.234687465,30.807739525,0
286,2500,30,0.5,30.956937799,31.2376095474,30.8097011403,0
288,2500,30,0.5,30.956937799,31.2404932111,30.8116369648,0
290,2500,30,0.5,30.956937799,31.2433389613,30.8135473377,0
292,2500,30,0.5,30.956937799,31.2461472963,30.8154325935,0
294,2500,30,0.5,30.956937799,31.2489187082,30.8172930626,0
296,2500,30,0.5,30.956937799,31.2516536824,30.8191290708,0
298,2500,30,0.5,30.956937799,31.2543526979,30.8209409396,0
300,10000,30,0.5,33.8277511962,31.2570162276,30.8227289866,-6.8212102633e-13
302,10000,30,0.5,33.8277511962,31.319644738,30.8244935248,-4.54747350886e-13
304,10000,30,0.5,33.8277511962,31.3798386894,30.8502348634,0
306,10000,30,0.5,33.8277511962,31.4386545364,30.8843773074,0
308,10000,30,0.5,33.8277511962,31.4964834472,30.9212533417,2.27373675443e-13
310,10000,30,0.5,33.8277511962,31.553474243,30.9588034355,-6.8212102633e-13
312,10000,30,0.5,33.8277511962,31.6096874107,30.9962818405,-4.54747350886e-13
314,10000,30,0.5,33.8277511962,31.6651511879,31.0334211639,-4.54747350886e-13
316,10000,30,0.5,33.8277511962,31.7198819869,31.0701281502,0
318,10000,30,0.5,33.8277511962,31.7738918335,31.1063729015,4.54747350886e-13
320,10000,30,0.5,33.8277511962,31.8271910762,31.1421485379,-4.54747350886e-13
322,10000,30,0.5,33.8277511962,31.8797893747,31.1774565088,4.54747350886e-13
324,10000,30,0.5,33.8277511962,31.93169606,31.2123012448,0
326,10000,30,0.5,33.8277511962,31.9829202674,31.2466882107,5.68434188608e-14
328,10000,30,0.5,33.8277511962,32.0334709851,31.2806231974,-4.54747350886e-13
330,10000,30,0.5,33.8277511962,32.0833570736,31.3141120642,-4.54747350886e-13
332,10000,30,0.5,33.8277511962,32.1325872733,31.3471606466,4.54747350886e-13
334,10000,30,0.5,33.8277511962,32.1811702082,31.3797747221,-4.54747350886e-13
336,10000,30,0.5,33.8277511962,32.2291143887,31.4119599996,-5.11590769747e-13
338,10000,30,0.5,33.8277511962,32.2764282132,31.4437221154,-4.54747350886e-13
340,10000,30,0.5,33.8277511962,32.3231199693,31.4750666324,-4.54747350886e-13
342,10000,30,0.5,33.8277511962,32.3691978358,31.505999041,9.09494701773e-13
344,10000,30,0.5,33.8277511962,32.414669884,31.5365247593,-4.54747350886e-13
346,10000,30,0.5,33.8277511962,32.459544079,31.5666491345,0
348,10000,30,0.5,33.8277511962,32.5038282812,31.5963774432,-4.54747350886e-13
350,10000,30,0.5,33.8277511962,32.5475302477,31.6257148928,0
352,10000,30,0.5,33.8277511962,32.5906576335,31.6546666222,0
354,10000,30,0.5,33.8277511962,32.6332179931,31.6832377027,-4.54747350886e-13
356,10000,30,0.5,33.8277511962,32.6752187814,31.711433139,4.54747350886e-13
358,10000,30,0.5,33.8277511962,32.7166673557,31.7392578699,0
360,10000,30,0.5,33.8277511962,32.7575709763,31.7667167694,4.54747350886e-13
362,10000,30,0.5,33.8277511962,32.797936808,31.7938146474,0
364,10000,30,0.5,33.8277511962,32.8377719216,31.8205562503,-4.54747350886e-13
366,10000,30,0.5,33.8277511962,32.8770832948,31.8469462625,0
368,10000,30,0.5,33.8277511962,32.9158778135,31.8729893066,0
370,10000,30,0.5,33.8277511962,32.9541622732,31.8986899443,0
372,10000,30,0.5,33.8277511962,32.99194338,31.9240526775,2.84217094304e-14
374,10000,30,0.5,33.8277511962,33.0292277519,31.9490819489,0
376,10000,30,0.5,33.8277511962,33.0660219198,31.9737821428,-4.54747350886e-13
378,10000,30,0.5,33.8277511962,33.1023323287,31.9981575858,0
380,10000,30,0.5,33.8277511962,33.138165339,32.0222125475,0
382,10000,30,0.5,33.8277511962,33.1735272274,32.0459512417,4.54747350886e-13
384,10000,30,0.5,33.8277511962,33.2084241879,32.0693778264,-2.84217094304e-14
386,10000,30,0.5,33.8277511962,33.2428623335,32.0924964053,4.54747350886e-13
388,10000,30,0.5,33.8277511962,33.2768476963,32.1153110279,-4.54747350886e-13
390,10000,30,0.5,33.8277511962,33.3103862296,32.1378256904,4.54747350886e-13
392,10000,30,0.5,33.8277511962,33.343483808,32.1600443368,0
394,10000,30,0.5,33.8277511962,33.3761462292,32.1819708589,-4.54747350886e-13
396,10000,30,0.5,33.8277511962,33.4083792144,32.2036090975,0
398,10000,30,0.5,33.8277511962,33.4401884097,32.2249628429,0
400,10000,30,0.5,33.8277511962,33.471579387,32.2460358354,0
402,10000,30,0.5,33.8277511962,33.502557645,32.2668317665,0
404,10000,30,0.5,33.8277511962,33.5331286098,32.2873542787,0
406,10000,30,0.5,33.8277511962,33.5632976366,32.3076069669,0
408,10000,30,0.5,33.8277511962,33.5930700098,32.3275933787,0
410,10000,30,0.5,33.8277511962,33.6224509445,32.347317015,0
412,10000,30,0.5,33.8277511962,33.6514455874,32.3667813307,0
414,10000,30,0.5,33.8277511962,33.6800590171,32.3859897352,0
416,10000,30,0.5,33.8277511962,33.7082962458,32.4049455933,-2.84217094304e-14
418,10000,30,0.5,33.8277511962,33.7361622197,32.4236522253,0
420,10000,30,0.5,33.8277511962,33.7636618199,32.442112908,0
422,10000,30,0.5,33.8277511962,33.7907998635,32.460330875,0
424,10000,30,0.5,33.8277511962,33.8175811039,32.4783093175,-2.84217094304e-14
426,10000,30,0.5,33.8277511962,33.8440102325,32.4960513847,0
428,10000,30,0.5,33.8277511962,33.8700918786,32.5135601844,0
430,10000,30,0.5,33.8277511962,33.8958306108,32.5308387835,0
432,10000,30,0.5,33.8277511962,33.9212309377,32.5478902087,-2.84217094304e-14
434,10000,30,0.5,33.8277511962,33.9462973085,32.5647174467,0
436,10000,30,0.5,33.8277511962,33.9710341141,32.5813234451,0
438,10000,30,0.5,33.8277511962,33.9954456873,32.5977111126,0
440,10000,30,0.5,33.8277511962,34.0195363043,32.61388332,-2.84217094304e-14
442,10000,30,0.5,33.8277511962,34.0433101849,32.6298428998,-2.84217094304e-14
444,10000,30,0.5,33.8277511962,34.0667714935,32.6455926478,0
446,10000,30,0.5,33.8277511962,34.0899243397,32.6611353227,0
448,10000,30,0.5,33.8277511962,34.112772779,32.6764736471,0
450,10000,30,0.5,33.8277511962,34.1353208138,32.6916103076,0
452,10000,30,0.5,33.8277511962,34.1575723935,32.7065479558,0
454,10000,30,0.5,33.8277511962,34.179531416,32.7212892081,0
456,10000,30,0.5,33.8277511962,34.2012017277,32.7358366468,0
458,10000,30,0.5,33.8277511962,34.2225871245,32.75019282,0
460,10000,30,0.5,33.8277511962,34.2436913523,32.7643602424,0
462,10000,30,0.5,33.8277511962,34.2645181079,32.7783413957,0
464,10000,30,0.5,33.8277511962,34.2850710394,32.7921387289,0
466,10000,30,0.5,33.8277511962,34.305353747,32.8057546587,2.27373675443e-13
468,10000,30,0.5,33.8277511962,34.3253697834,32.8191915704,-2.27373675443e-13
470,10000,30,0.5,33.8277511962,34.3451226549,32.8324518174,0
472,10000,30,0.5,33.8277511962,34.3646158214,32.8455377226,-2.27373675443e-13
474,10000,30,0.5,33.8277511962,34.3838526975,32.8584515781,0
476,10000,30,0.5,33.8277511962,34.4028366527,32.871195646,0
478,10000,30,0.5,33.8277511962,34.4215710124,32.8837721587,-2.27373675443e-13
480,10000,30,0.5,33.8277511962,34.4400590583,32.896183319,0
482,10000,30,0.5,33.8277511962,34.4583040287,32.908431301,2.27373675443e-13
484,10000,30,0.5,33.8277511962,34.4763091196,32.9205182502,2.27373675443e-13
486,10000,30,0.5,33.8277511962,34.4940774848,32.9324462837,0
488,10000,30,0.5,33.8277511962,34.5116122368,32.9442174908,2.27373675443e-13
490,10000,30,0.5,33.8277511962,34.5289164469,32.9558339336,0
492,10000,30,0.5,33.8277511962,34.5459931464,32.9672976468,2.27373675443e-13
494,10000,30,0.5,33.8277511962,34.5628453264,32.9786106385,-2.27373675443e-13
496,10000,30,0.5,33.8277511962,34.5794759389,32.9897748902,0
498,10000,30,0.5,33.8277511962,34.5958878969,33.0007923576,0
500,10000,30,0.5,33.8277511962,34.6120840754,33.0116649706,2.13162820728e-13
502,10000,30,0.5,33.8277511962,34.6280673112,33.0223946337,0
504,10000,30,0.5,33.8277511962,34.6438404041,33.0329832262,0
506,10000,30,0.5,33.8277511962,34.659406117,33.0434326031,1.42108547152e-14
508,10000,30,0.5,33.8277511962,34.6747671764,33.0537445946,0
510,10000,30,0.5,33.8277511962,34.6899262731,33.0639210071,0
512,10000,30,0.5,33.8277511962,34.7048860625,33.073963623,0
514,10000,30,0.5,33.8277511962,34.7196491649,33.0838742016,0
516,10000,30,0.5,33.8277511962,34.7342181664,33.0936544788,0
518,10000,30,0.5,33.8277511962,34.7485956189,33.1033061678,0
520,10000,30,0.5,33.8277511962,34.7627840408,33.1128309591,0
522,10000,30,0.5,33.8277511962,34.7767859176,33.1222305214,0
524,10000,30,0.5,33.8277511962,34.7906037017,33.1315065009,0
526,10000,30,0.5,33.8277511962,34.8042398137,33.1406605225,0
528,10000,30,0.5,33.8277511962,34.817696642,33.1496941898,0
530,10000,30,0.5,33.8277511962,34.830976544,33.158609085,0
532,10000,30,0.5,33.8277511962,34.8440818456,33.1674067698,0
534,10000,30,0.5,33.8277511962,34.8570148426,33.1760887852,0
536,10000,30,0.5,33.8277511962,34.8697778003,33.1846566521,0
538,10000,30,0.5,33.8277511962,34.8823729543,33.1931118711,0
540,10000,30,0.5,33.8277511962,34.894802511,33.2014559233,0
542,10000,30,0.5,33.8277511962,34.9070686475,33.2096902704,0
544,10000,30,0.5,33.8277511962,34.9191735124,33.2178163547,0
546,10000,30,0.5,33.8277511962,34.9311192261,33.2258355997,0
548,10000,30,0.5,33.8277511962,34.9429078811,33.2337494099,0
550,10000,30,0.5,33.8277511962,34.9545415422,33.2415591717,0
552,10000,30,0.5,33.8277511962,34.9660222474,33.249266253,0
554,10000,30,0.5,33.8277511962,34.9773520076,33.2568720039,0
556,10000,30,0.5,33.8277511962,34.9885328075,33.2643777566,0
558,10000,30,0.5,33.8277511962,34.9995666054,33.2717848258,0
560,10000,30,0.5,33.8277511962,35.0104553342,33.2790945091,0
562,10000,30,0.5,33.8277511962,35.0212009012,33.2863080867,0
564,10000,30,0.5,33.8277511962,35.0318051887,33.2934268224,0
566,10000,30,0.5,33.8277511962,35.042270054,33.300451963,0
568,10000,30,0.5,33.8277511962,35.0525973304,33.3073847391,0
570,10000,30,0.5,33.8277511962,35.0627888267,33.3142263652,-1.13686837722e-13
572,10000,30,0.5,33.8277511962,35.0728463283,33.3209780395,0
574,10000,30,0.5,33.8277511962,35.0827715967,33.3276409447,0
576,10000,30,0.5,33.8277511962,35.0925663706,33.3342162481,0
578,10000,30,0.5,33.8277511962,35.1022323657,33.3407051012,1.13686837722e-13
580,10000,30,0.5,33.8277511962,35.1117712751,33.3471086409,0
582,10000,30,0.5,33.8277511962,35.1211847698,33.3534279886,0
584,10000,30,0.5,33.8277511962,35.1304744985,33.3596642515,0
586,10000,30,0.5,33.8277511962,35.1396420886,33.3658185217,0
588,10000,30,0.5,33.8277511962,35.148689146,33.3718918775,0
590,10000,30,0.5,33.8277511962,35.1576172552,33.3778853825,7.1054273576e-15
592,10000,30,0.5,33.8277511962,35.1664279803,33.3838000866,0
594,10000,30,0.5,33.8277511962,35.1751228646,33.389637026,1.06581410364e-13
596,10000,30,0.5,33.8277511962,35.183703431,33.395397223,0
598,10000,30,0.5,33.8277511962,35.1921711827,33.4010816866,0
600,10000,30,0.5,33.8277511962,35.2005276029,33.4066914125,0
602,10000,30,0.5,33.8277511962,35.2087741553,33.4122273835,0
604,10000,30,0.5,33.8277511962,35.2169122844,33.417690569,-7.1054273576e-15
606,10000,30,0.5,33.8277511962,35.2249434158,33.4230819262,1.13686837722e-13
608,10000,30,0.5,33.8277511962,35.2328689562,33.4284023995,1.13686837722e-13
610,10000,30,0.5,33.8277511962,35.2406902939,33.4336529207,0
612,10000,30,0.5,33.8277511962,35.248408799,33.4388344095,0
614,10000,30,0.5,33.8277511962,35.2560258234,33.4439477737,0
616,10000,30,0.5,33.8277511962,35.2635427014,33.4489939089,0
618,10000,30,0.5,33.8277511962,35.2709607497,33.4539736989,0
620,10000,30,0.5,33.8277511962,35.2782812677,33.4588880162,0
622,10000,30,0.5,33.8277511962,35.2855055376,33.4637377214,0
624,10000,30,0.5,33.8277511962,35.292634825,33.4685236641,0
626,10000,30,0.5,33.8277511962,35.2996703785,33.4732466827,0
628,10000,30,0.5,33.8277511962,35.3066134307,33.4779076043,0
630,10000,30,0.5,33.8277511962,35.3134651977,33.4825072456,0
632,10000,30,0.5,33.8277511962,35.3202268796,33.4870464121,-7.1054273576e-15
634,10000,30,0.5,33.8277511962,35.3268996609,33.491525899,0
636,10000,30,0.5,33.8277511962,35.3334847104,33.4959464908,0
638,10000,30,0.5,33.8277511962,35.3399831816,33.5003089621,0
640,10000,30,0.5,33.8277511962,35.3463962128,33.5046140768,0
642,10000,30,0.5,33.8277511962,35.3527249274,33.5088625892,-7.1054273576e-15
644,10000,30,0.5,33.8277511962,35.3589704339,33.5130552433,-7.1054273576e-15
646,10000,30,0.5,33.8277511962,35.3651338262,33.5171927737,-7.1054273576e-15
648,10000,30,0.5,33.8277511962,35.3712161841,33.521275905,0
650,10000,30,0.5,33.8277511962,35.377218573,33.5253053525,0
652,10000,30,0.5,33.8277511962,35.3831420442,33.529281822,7.1054273576e-15
654,10000,30,0.5,33.8277511962,35.3889876353,33.5332060101,0
656,10000,30,0.5,33.8277511962,35.3947563703,33.537078604,0
658,10000,30,0.5,33.8277511962,35.4004492596,33.5409002823,0
660,10000,30,0.5,33.8277511962,35.4060673005,33.5446717142,0
662,10000,30,0.5,33.8277511962,35.4116114771,33.5483935605,0
664,10000,30,0.5,33.8277511962,35.4170827604,33.552066473,0
666,10000,30,0.5,33.8277511962,35.4224821089,33.5556910951,0
668,10000,30,0.5,33.8277511962,35.4278104684,33.5592680617,0
670,10000,30,0.5,33.8277511962,35.4330687721,33.5627979995,0
672,10000,30,0.5,33.8277511962,35.4382579412,33.5662815266,0
674,10000,30,0.5,33.8277511962,35.4433788846,33.5697192534,0
676,10000,30,0.5,33.8277511962,35.4484324994,33.5731117819,0
678,10000,30,0.5,33.8277511962,35.4534196707,33.5764597065,0
680,10000,30,0.5,33.8277511962,35.4583412721,33.5797636135,0
682,10000,30,0.5,33.8277511962,35.4631981657,33.5830240817,-5.68434188608e-14
684,10000,30,0.5,33.8277511962,35.4679912024,33.5862416822,0
686,10000,30,0.5,33.8277511962,35.4727212216,33.5894169787,-5.68434188608e-14
688,10000,30,0.5,33.8277511962,35.4773890519,33.5925505273,5.68434188608e-14
690,10000,30,0.5,33.8277511962,35.4819955109,33.5956428769,-3.5527136788e-15
692,10000,30,0.5,33.8277511962,35.4865414055,33.5986945692,-3.5527136788e-15
694,10000,30,0.5,33.8277511962,35.4910275321,33.6017061388,5.68434188608e-14
696,10000,30,0.5,33.8277511962,35.4954546763,33.6046781131,0
698,10000,30,0.5,33.8277511962,35.4998236138,33.6076110128,5.68434188608e-14
700,10000,30,0.5,33.8277511962,35.5041351098,33.6105053515,0
702,10000,30,0.5,33.8277511962,35.5083899194,33.6133616363,5.68434188608e-14
704,10000,30,0.5,33.8277511962,35.5125887881,33.6161803676,5.68434188608e-14
706,10000,30,0.5,33.8277511962,35.5167324513,33.618962039,5.68434188608e-14
708,10000,30,0.5,33.8277511962,35.5208216348,33.6217071378,5.68434188608e-14
710,10000,30,0.5,33.8277511962,35.5248570549,33.6244161448,0
712,10000,30,0.5,33.8277511962,35.5288394185,33.6270895346,-5.68434188608e-14
714,10000,30,0.5,33.8277511962,35.5327694232,33.6297277754,0
716,10000,30,0.5,33.8277511962,35.5366477572,33.6323313295,0
718,10000,30,0.5,33.8277511962,35.5404751001,33.6349006527,0
720,10000,34,0.5,37.8277511962,35.5442521222,33.6374361953,1.81898940355e-12
722,10000,34,0.5,37.8277511962,35.5479794852,34.4759384012,-4.54747350886e-13
724,10000,34,0.5,37.8277511962,35.5850978418,34.8052837089,-6.8212102633e-13
726,10000,34,0.5,37.8277511962,35.6339052765,34.9489050669,0
728,10000,34,0.5,37.8277511962,35.6865052681,35.0245839918,-3.97903932026e-13
730,10000,34,0.5,37.8277511962,35.7400284171,35.075214448,-4.54747350886e-13
732,10000,34,0.5,37.8277511962,35.7934358583,35.116420216,4.54747350886e-13
734,10000,34,0.5,37.8277511962,35.8463552326,35.1538946478,4.54747350886e-13
736,10000,34,0.5,37.8277511962,35.8986568092,35.1897149003,4.54747350886e-13
738,10000,34,0.5,37.8277511962,35.9502991328,35.2246412497,4.54747350886e-13
740,10000,34,0.5,37.8277511962,36.0012728175,35.2589543818,4.54747350886e-13
742,10000,34,0.5,37.8277511962,36.0515800801,35.2927602903,0
744,10000,34,0.5,37.8277511962,36.1012272885,35.3261013055,-4.54747350886e-13
746,10000,34,0.5,37.8277511962,36.1502222492,35.3589965259,9.09494701773e-13
748,10000,34,0.5,37.8277511962,36.1985732203,35.3914565413,0
750,10000,34,0.5,37.8277511962,36.2462885531,35.4234887957,-4.54747350886e-13
752,10000,34,0.5,37.8277511962,36.2933765628,35.4550995404,0
754,10000,34,0.5,37.8277511962,36.3398454819,35.4862945454,9.09494701773e-13
756,10000,34,0.5,37.8277511962,36.3857034444,35.51707936,-9.09494701773e-13
758,10000,34,0.5,37.8277511962,36.4309584811,35.5474594075,-4.54747350886e-13
760,10000,34,0.5,37.8277511962,36.4756185181,35.5774400208,0
762,10000,34,0.5,37.8277511962,36.5196913782,35.6070264554,0
764,10000,34,0.5,37.8277511962,36.5631847813,35.6362238953,-4.54747350886e-13
766,10000,34,0.5,37.8277511962,36.6061063459,35.6650374556,4.54747350886e-13
768,10000,34,0.5,37.8277511962,36.6484635903,35.6934721835,0
770,10000,34,0.5,37.8277511962,36.690263934,35.7215330599,0
772,10000,34,0.5,37.8277511962,36.731514699,35.749225,0
774,10000,34,0.5,37.8277511962,36.7722231111,35.7765528546,0
776,10000,34,0.5,37.8277511962,36.8123963008,35.8035214106,0
778,10000,34,0.5,37.8277511962,36.8520413052,35.8301353919,-4.54747350886e-13
780,10000,34,0.5,37.8277511962,36.8911650687,35.8563994603,-4.54747350886e-13
782,10000,34,0.5,37.8277511962,36.9297744443,35.8823182164,0
784,10000,34,0.5,37.8277511962,36.9678761952,35.9078962004,-4.83169060317e-13
786,10000,34,0.5,37.8277511962,37.0054769954,35.9331378924,0
788,10000,34,0.5,37.8277511962,37.0425834313,35.9580477141,0
790,10000,34,0.5,37.8277511962,37.0792020026,35.9826300287,0
792,10000,34,0.5,37.8277511962,37.1153391237,36.0068891423,0
794,10000,34,0.5,37.8277511962,37.1510011244,36.0308293041,4.54747350886e-13
796,10000,34,0.5,37.8277511962,37.1861942516,36.0544547077,-4.54747350886e-13
798,10000,34,0.5,37.8277511962,37.2209246698,36.0777694913,0
800,10000,34,0.5,37.8277511962,37.2551984627,36.100777739,0
802,10000,34,0.5,37.8277511962,37.2890216337,36.123483481,4.54747350886e-13
804,10000,34,0.5,37.8277511962,37.3224001076,36.1458906946,4.83169060317e-13
806,10000,34,0.5,37.8277511962,37.3553397311,36.1680033046,4.54747350886e-13
808,10000,34,0.5,37.8277511962,37.3878462741,36.1898251846,0
810,10000,34,0.5,37.8277511962,37.4199254305,36.2113601568,0
812,10000,34,0.5,37.8277511962,37.4515828195,36.2326119935,0
814,10000,34,0.5,37.8277511962,37.4828239865,36.2535844173,0
816,10000,34,0.5,37.8277511962,37.5136544037,36.2742811017,0
818,10000,34,0.5,37.8277511962,37.5440794716,36.2947056723,0
820,10000,34,0.5,37.8277511962,37.5741045197,36.3148617065,0
822,10000,34,0.5,37.8277511962,37.6037348071,36.3347527351,0
824,10000,34,0.5,37.8277511962,37.6329755243,36.3543822423,0
826,10000,34,0.5,37.8277511962,37.661831793,36.3737536664,0
828,10000,34,0.5,37.8277511962,37.6903086679,36.3928704008,2.84217094304e-14
830,10000,34,0.5,37.8277511962,37.7184111372,36.4117357939,0
832,10000,34,0.5,37.8277511962,37.7461441235,36.4303531503,0
834,10000,34,0.5,37.8277511962,37.7735124846,36.4487257312,0
836,10000,34,0.5,37.8277511962,37.8005210144,36.4668567547,0
838,10000,34,0.5,37.8277511962,37.827174444,36.4847493969,0
840,10000,34,0.5,37.8277511962,37.8534774422,36.5024067918,0
842,10000,34,0.5,37.8277511962,37.8794346161,36.5198320325,0
844,10000,34,0.5,37.8277511962,37.9050505128,36.5370281711,0
846,10000,34,0.5,37.8277511962,37.9303296191,36.55399822,-2.84217094304e-14
848,10000,34,0.5,37.8277511962,37.9552763632,36.5707451517,0
850,10000,34,0.5,37.8277511962,37.9798951147,36.5872718996,0
852,10000,34,0.5,37.8277511962,38.0041901861,36.6035813586,0
854,10000,34,0.5,37.8277511962,38.028165833,36.6196763857,-2.84217094304e-14
856,10000,34,0.5,37.8277511962,38.0518262551,36.6355598,0
858,10000,34,0.5,37.8277511962,38.0751755969,36.6512343838,0
860,10000,34,0.5,37.8277511962,38.0982179484,36.6667028828,0
862,10000,34,0.5,37.8277511962,38.1209573458,36.6819680065,0
864,10000,34,0.5,37.8277511962,38.1433977722,36.6970324289,0
866,10000,34,0.5,37.8277511962,38.1655431585,36.7118987886,0
868,10000,34,0.5,37.8277511962,38.1873973837,36.7265696897,0
870,10000,34,0.5,37.8277511962,38.2089642759,36.7410477021,0
872,10000,34,0.5,37.8277511962,38.230247613,36.7553353619,0
874,10000,34,0.5,37.8277511962,38.2512511229,36.7694351717,0
876,10000,34,0.5,37.8277511962,38.2719784849,36.7833496013,0
878,10000,34,0.5,37.8277511962,38.2924333295,36.7970810881,0
880,10000,34,0.5,37.8277511962,38.3126192399,36.8106320372,-2.27373675443e-13
882,10000,34,0.5,37.8277511962,38.3325397518,36.8240048225,0
884,10000,34,0.5,37.8277511962,38.3521983546,36.8372017863,0
886,10000,34,0.5,37.8277511962,38.3715984919,36.8502252403,0
888,10000,34,0.5,37.8277511962,38.3907435618,36.8630774657,0
890,10000,34,0.5,37.8277511962,38.4096369179,36.8757607138,0
892,10000,34,0.5,37.8277511962,38.4282818698,36.8882772063,0
894,10000,34,0.5,37.8277511962,38.4466816832,36.9006291356,-2.27373675443e-13
896,10000,34,0.5,37.8277511962,38.4648395813,36.9128186653,0
898,10000,34,0.5,37.8277511962,38.4827587447,36.9248479307,0
900,10000,34,0.5,37.8277511962,38.5004423121,36.9367190388,0
902,10000,34,0.5,37.8277511962,38.5178933812,36.948434069,0
904,10000,34,0.5,37.8277511962,38.5351150087,36.9599950735,2.27373675443e-13
906,10000,34,0.5,37.8277511962,38.5521102113,36.9714040772,0
908,10000,34,0.5,37.8277511962,38.5688819659,36.9826630787,0
910,10000,34,0.5,37.8277511962,38.5854332104,36.9937740501,0
912,10000,34,0.5,37.8277511962,38.601766844,37.0047389378,2.27373675443e-13
914,10000,34,0.5,37.8277511962,38.6178857278,37.0155596623,-1.42108547152e-14
916,10000,34,0.5,37.8277511962,38.6337926852,37.0262381191,-2.27373675443e-13
918,10000,34,0.5,37.8277511962,38.6494905025,37.0367761786,0
920,10000,34,0.5,37.8277511962,38.6649819296,37.0471756869,0
922,10000,34,0.5,37.8277511962,38.6802696799,37.0574384654,0
924,10000,34,0.5,37.8277511962,38.6953564313,37.0675663119,0
926,10000,34,0.5,37.8277511962,38.7102448265,37.0775610005,0
928,10000,34,0.5,37.8277511962,38.7249374735,37.0874242818,0
930,10000,34,0.5,37.8277511962,38.7394369458,37.0971578836,0
932,10000,34,0.5,37.8277511962,38.7537457833,37.1067635108,0
934,10000,34,0.5,37.8277511962,38.7678664924,37.116242846,0
936,10000,34,0.5,37.8277511962,38.7818015466,37.1255975498,0
938,10000,34,0.5,37.8277511962,38.7955533867,37.1348292606,0
940,10000,34,0.5,37.8277511962,38.8091244216,37.1439395956,0
942,10000,34,0.5,37.8277511962,38.8225170286,37.1529301505,0
944,10000,34,0.5,37.8277511962,38.8357335535,37.1618025003,0
946,10000,34,0.5,37.8277511962,38.8487763113,37.170558199,0
948,10000,34,0.5,37.8277511962,38.8616475868,37.1791987803,0
950,10000,34,0.5,37.8277511962,38.8743496346,37.1877257579,0
952,10000,34,0.5,37.8277511962,38.8868846795,37.1961406252,0
954,10000,34,0.5,37.8277511962,38.8992549173,37.2044448562,-1.42108547152e-14
956,10000,34,0.5,37.8277511962,38.9114625149,37.2126399057,-1.42108547152e-14
958,10000,34,0.5,37.8277511962,38.9235096105,37.2207272091,0
960,10000,34,0.35,39.4682159945,38.9353983145,37.228708183,0
962,10000,34,0.35,39.4682159945,38.9471307092,37.4390242284,0
964,10000,34,0.35,39.4682159945,38.96680645,37.5391375761,0
966,10000,34,0.35,39.4682159945,38.989699695,37.5924292983,0
968,10000,34,0.35,39.4682159945,39.0138088792,37.6257650506,2.84217094304e-14
970,10000,34,0.35,39.4682159945,39.038287126,37.6505331551,0
972,10000,34,0.35,39.4682159945,39.0627769672,37.6715617429,0
974,10000,34,0.35,39.4682159945,39.0871283582,37.6908983496,0
976,10000,34,0.35,39.4682159945,39.1112791579,37.7094119245,0
978,10000,34,0.35,39.4682159945,39.1352044685,37.7274718533,0
980,10000,34,0.35,39.4682159945,39.1588951639,37.7452357673,2.84217094304e-14
982,10000,34,0.35,39.4682159945,39.1823487881,37.7627715332,0
984,10000,34,0.35,39.4682159945,39.2055656979,37.7801089598,0
986,10000,34,0.35,39.4682159945,39.2285474283,37.7972617142,0
988,10000,34,0.35,39.4682159945,39.2512959998,37.8142366111,0
990,10000,34,0.35,39.4682159945,39.2738136242,37.8310375504,0
992,10000,34,0.35,39.4682159945,39.2961025813,37.8476671863,0
994,10000,34,0.35,39.4682159945,39.3181651655,37.8641276349,0
996,10000,34,0.35,39.4682159945,39.3400036643,37.8804207742,0
998,10000,34,0.35,39.4682159945,39.3616203486,37.8965483709,0
1000,10000,34,0.35,39.4682159945,39.3830174695,37.9125121354,2.84217094304e-14
1002,10000,34,0.35,39.4682159945,39.4041972562,37.9283137436,0
1004,10000,34,0.35,39.4682159945,39.4251619157,37.943954848,0
1006,10000,34,0.35,39.4682159945,39.445913633,37.9594370808,0
1008,10000,34,0.35,39.4682159945,39.4664545709,37.9747620567,2.27373675443e-13
1010,10000,34,0.35,39.4682159945,39.4867868703,37.9899313735,2.27373675443e-13
1012,10000,34,0.35,39.4682159945,39.5069126504,38.0049466123,-2.27373675443e-13
1014,10000,34,0.35,39.4682159945,39.5268340089,38.0198093382,2.27373675443e-13
1016,10000,34,0.35,39.4682159945,39.5465530221,38.0345211003,0
1018,10000,34,0.35,39.4682159945,39.5660717452,38.049083432,2.27373675443e-13
1020,10000,34,0.35,39.4682159945,39.5853922127,38.0634978512,0
1022,10000,34,0.35,39.4682159945,39.6045164382,38.0777658602,2.27373675443e-13
1024,10000,34,0.35,39.4682159945,39.6234464151,38.091888946,-2.27373675443e-13
1026,10000,34,0.35,39.4682159945,39.6421841163,38.1058685809,0
1028,10000,34,0.35,39.4682159945,39.6607314949,38.1197062217,0
1030,10000,34,0.35,39.4682159945,39.679090484,38.1334033107,0
1032,10000,34,0.35,39.4682159945,39.6972629971,38.1469612757,0
1034,10000,34,0.35,39.4682159945,39.7152509282,38.1603815296,0
1036,10000,34,0.35,39.4682159945,39.7330561523,38.1736654713,0
1038,10000,34,0.35,39.4682159945,39.750680525,38.1868144852,0
1040,10000,34,0.35,39.4682159945,39.7681258834,38.1998299419,0
1042,10000,34,0.35,39.4682159945,39.7853940458,38.212713198,-2.27373675443e-13
1044,10000,34,0.35,39.4682159945,39.8024868119,38.2254655963,1.42108547152e-14
1046,10000,34,0.35,39.4682159945,39.8194059632,38.2380884658,1.42108547152e-14
1048,10000,34,0.35,39.4682159945,39.8361532633,38.2505831222,2.41584530158e-13
1050,10000,34,0.35,39.4682159945,39.8527304577,38.2629508679,0
1052,10000,34,0.35,39.4682159945,39.8691392741,38.2751929918,1.42108547152e-14
1054,10000,34,0.35,39.4682159945,39.8853814228,38.28731077,0
1056,10000,34,0.35,39.4682159945,39.9014585967,38.2993054655,-1.42108547152e-14
1058,10000,34,0.35,39.4682159945,39.9173724714,38.3111783284,-1.42108547152e-14
1060,10000,34,0.35,39.4682159945,39.9331247057,38.3229305962,0
1062,10000,34,0.35,39.4682159945,39.9487169413,38.3345634938,0
1064,10000,34,0.35,39.4682159945,39.9641508034,38.3460782337,1.42108547152e-14
1066,10000,34,0.35,39.4682159945,39.9794279006,38.357476016,0
1068,10000,34,0.35,39.4682159945,39.9945498253,38.3687580287,0
1070,10000,34,0.35,39.4682159945,40.0095181534,38.3799254477,-1.42108547152e-14
1072,10000,34,0.35,39.4682159945,40.0243344452,38.390979437,-1.42108547152e-14
1074,10000,34,0.35,39.4682159945,40.0390002448,38.4019211486,1.42108547152e-14
1076,10000,34,0.35,39.4682159945,40.053517081,38.4127517231,0
1078,10000,34,0.35,39.4682159945,40.0678864667,38.4234722892,0
1080,10000,34,0.35,39.4682159945,40.0821098996,38.4340839643,0
1082,10000,34,0.35,39.4682159945,40.0961888622,38.4445878544,0
1084,10000,34,0.35,39.4682159945,40.1101248219,38.4549850544,0
1086,10000,34,0.35,39.4682159945,40.1239192312,38.4652766479,0
1088,10000,34,0.35,39.4682159945,40.1375735278,38.4754637076,-1.42108547152e-14
1090,10000,34,0.35,39.4682159945,40.151089135,38.4855472953,0
1092,10000,34,0.35,39.4682159945,40.1644674614,38.4955284619,0
1094,10000,34,0.35,39.4682159945,40.1777099015,38.5054082477,0
1096,10000,34,0.35,39.4682159945,40.1908178353,38.5151876826,0
1098,10000,34,0.35,39.4682159945,40.2037926292,38.5248677857,0
1100,10000,34,0.35,39.4682159945,40.2166356355,38.5344495661,0
1102,10000,34,0.35,39.4682159945,40.2293481927,38.5439340223,0
1104,10000,34,0.35,39.4682159945,40.2419316259,38.553322143,0
1106,10000,34,0.35,39.4682159945,40.2543872465,38.5626149066,0
1108,10000,34,0.35,39.4682159945,40.2667163529,38.5718132818,1.42108547152e-14
1110,10000,34,0.35,39.4682159945,40.2789202301,38.5809182271,0
1112,10000,34,0.35,39.4682159945,40.29100015,38.5899306917,-1.42108547152e-14
1114,10000,34,0.35,39.4682159945,40.3029573716,38.5988516148,0
1116,10000,34,0.35,39.4682159945,40.3147931414,38.6076819263,0
1118,10000,34,0.35,39.4682159945,40.3265086928,38.6164225465,0
1120,10000,34,0.35,39.4682159945,40.3381052469,38.6250743865,0
1122,10000,34,0.35,39.4682159945,40.3495840125,38.6336383479,0
1124,10000,34,0.35,39.4682159945,40.3609461859,38.6421153234,0
1126,10000,34,0.35,39.4682159945,40.3721929514,38.6505061966,1.42108547152e-14
1128,10000,34,0.35,39.4682159945,40.3833254812,38.658811842,0
1130,10000,34,0.35,39.4682159945,40.3943449357,38.6670331252,0
1132,10000,34,0.35,39.4682159945,40.4052524632,38.6751709032,-1.42108547152e-14
1134,10000,34,0.35,39.4682159945,40.4160492008,38.6832260241,0
1136,10000,34,0.35,39.4682159945,40.4267362738,38.6911993275,0
1138,10000,34,0.35,39.4682159945,40.4373147959,38.6990916444,0
1140,10000,34,0.35,39.4682159945,40.4477858699,38.7069037974,0
1142,10000,34,0.35,39.4682159945,40.458150587,38.7146366008,0
1144,10000,34,0.35,39.4682159945,40.4684100275,38.7222908606,0
1146,10000,34,0.35,39.4682159945,40.4785652608,38.7298673744,0
1148,10000,34,0.35,39.4682159945,40.4886173454,38.7373669321,1.13686837722e-13
1150,10000,34,0.35,39.4682159945,40.4985673288,38.7447903153,0
1152,10000,34,0.35,39.4682159945,40.5084162483,38.7521382976,0
1154,10000,34,0.35,39.4682159945,40.5181651303,38.7594116449,1.13686837722e-13
1156,10000,34,0.35,39.4682159945,40.5278149909,38.7666111154,0
1158,10000,34,0.35,39.4682159945,40.5373668358,38.7737374594,1.13686837722e-13
1160,10000,34,0.35,39.4682159945,40.5468216608,38.7807914197,-1.13686837722e-13
1162,10000,34,0.35,39.4682159945,40.5561804511,38.7877737314,0
1164,10000,34,0.35,39.4682159945,40.5654441824,38.7946851224,0
1166,10000,34,0.35,39.4682159945,40.57461382,38.801526313,0
1168,10000,34,0.35,39.4682159945,40.5836903197,38.8082980162,0
1170,10000,34,0.35,39.4682159945,40.5926746275,38.8150009378,-1.13686837722e-13
1172,10000,34,0.35,39.4682159945,40.6015676799,38.8216357765,-1.13686837722e-13
1174,10000,34,0.35,39.4682159945,40.6103704038,38.8282032238,-1.13686837722e-13
1176,10000,34,0.35,39.4682159945,40.6190837166,38.8347039641,1.13686837722e-13
1178,10000,34,0.35,39.4682159945,40.6277085265,38.8411386752,0
1180,10000,34,0.35,39.4682159945,40.6362457325,38.8475080275,7.1054273576e-15
1182,10000,34,0.35,39.4682159945,40.6446962243,38.8538126851,1.13686837722e-13
1184,10000,34,0.35,39.4682159945,40.6530608827,38.8600533049,0
1186,10000,34,0.35,39.4682159945,40.6613405796,38.8662305375,-1.13686837722e-13
1188,10000,34,0.35,39.4682159945,40.6695361779,38.8723450267,1.13686837722e-13
1190,10000,34,0.35,39.4682159945,40.6776485318,38.8783974098,7.1054273576e-15
1192,10000,34,0.35,39.4682159945,40.685678487,38.8843883176,0
1194,10000,34,0.35,39.4682159945,40.6936268802,38.8903183745,-7.1054273576e-15
1196,10000,34,0.35,39.4682159945,40.70149454,38.8961881986,0
1198,10000,34,0.35,39.4682159945,40.7092822863,38.9019984017,0
1200,10000,34,0.35,39.4682159945,40.7169909309,38.9077495894,7.1054273576e-15
