dataset_id,dataset_name,source_url,companion_url,primary_record_id,record_type,system_scale,cooling_architecture,spatial_linkage,time_coverage,time_resolution,primary_modalities,thermal_benchmark_role,benchmark_readiness,rights_status,redistribution_note,catalog_review_basis,reviewed_on
m100-exadata,M100 ExaData operational telemetry,https://zenodo.org/records/7588815,https://gitlab.com/ecs-lab/exadata,10.5281/zenodo.7588815,measured_operational_telemetry,facility_and_compute_nodes,liquid_cooling_infrastructure_and_air_conditioning_reported,rack_layout_documented_but_control_volume_mapping_requires_verification,2020-03_to_2022-09_across_partitioned_records,metric_dependent_temporal_series,node_load_temperature_frequency_power_and_fan_metrics_plus_facility_cooling_power_workload_alert_and_weather_metrics,facility_or_loop_behavior_candidate,conditional_requires_control_volume_mapping_sensor_definition_and_uncertainty_audit,license_not_identified_on_reviewed_source_record,Source_metadata_only_no_raw_or_derived_records_are_hosted_here,Zenodo_record_and_companion_repository,2026-09-26
m100-anomaly-aggregate,M100 ExaData time-aggregated anomaly-detection dataset,https://zenodo.org/records/7541722,https://gitlab.com/ecs-lab/exadata,10.5281/zenodo.7541722,derived_operational_telemetry,compute_nodes_and_selected_system_metrics,facility_context_reported_in_parent_exadata_collection,aggregate_dataset_spatial_mapping_requires_verification,2020-03_to_2022-09,aggregated_time_series,node_telemetry_derived_features_and_anomaly_analysis_inputs,node_telemetry_modeling_candidate,conditional_requires_parent_metric_definition_and_spatial_mapping_audit,license_not_identified_on_reviewed_source_record,Source_metadata_only_no_raw_or_derived_records_are_hosted_here,Companion_repository_dataset_index,2026-09-26
hazardnet-marconi-a2,HazardNet Marconi-A2 temperature and power telemetry,https://zenodo.org/records/10050368,https://github.com/MSKazemi/HazardNet,10.5281/zenodo.10050368,measured_operational_telemetry,compute_nodes,air_cooled_compute_node_telemetry_only_no_loop_measurements_reported,node_identity_available_no_rack_or_facility_control_volume_mapping_in_reviewed_record,2019-01-14_to_2019-12-31,not_reported_in_source_record,inlet_air_temperature_outlet_air_temperature_and_power_for_3312_nodes,node_telemetry_modeling_candidate,conditional_requires_sensor_locations_and_topology_for_physics_model_validation,license_not_identified_on_reviewed_source_record,Source_metadata_only_no_raw_or_derived_records_are_hosted_here,Zenodo_record_and_companion_repository,2026-09-26
summit-power-thermal,OLCF Summit long-term per-component power and thermal measurements,https://doi.ccs.ornl.gov/dataset/086578e9-8a9f-56b1-a657-0ed8b7393deb,https://github.com/at-aaims/summit_power_and_thermal_data,10.13139/OLCF/1861393,measured_operational_telemetry,compute_nodes_and_system,direct_liquid_cooling_with_rear_door_heat_exchanger_secondary_loop_reported,per_component_and_node_identity_reported_no_rack_to_loop_mapping_in_reviewed_record,selected_months_in_2020_2021_and_2022,10_s_and_1_min_aggregates_from_1_hz_source,power_and_temperature_for_cpu_gpu_and_node_components,node_telemetry_modeling_candidate,conditional_requires_topology_and_coolant_boundary_metadata_for_rack_or_loop_validation,CC_BY_4_0_reported_in_companion_repository,Follow_the_source_license_and_citation_terms_do_not_rehost_without_a_rights_review,Official_dataset_record_and_companion_repository,2026-09-26
nrel-esif-hpcdc,NREL ESIF HPC data-center cooling-system measurements,https://github.com/M-D-Murphy/Data-Centre-Waste-Heat,https://www.nrel.gov/computational-science/data-center-cooling-system.html,GitHub_repository_M-D-Murphy_Data-Centre-Waste-Heat,measured_operational_telemetry,facility_cooling_system,hybrid_direct_air_and_liquid_cooling,facility_side_air_and_liquid_systems_no_rack_or_server_mapping_reported,12_months_September_to_August,1_min,supply_temperature_return_temperature_and_cooling_power_for_air_and_liquid_systems,facility_or_loop_behavior_candidate,conditional_requires_sensor_control_volume_and_flow_metadata_for_energy_balance_validation,license_not_identified_in_reviewed_repository,Source_metadata_only_no_raw_or_derived_records_are_hosted_here,Repository_README_and_linked_NREL_description,2026-09-26
retrofit-air-cooled-cfd,Numerical and experimental dataset for an air-cooled data center,https://zenodo.org/records/6793217,https://doi.org/10.1016/j.dib.2022.108587,10.5281/zenodo.6793217,experiment_and_simulation_case,room_with_four_racks_and_in_row_unit,air_cooled_in_row_cooling,rack_layout_server_heat_inputs_and_measurement_locations_reported_for_stated_cases,previous_and_retrofitted_designs_at_2_kW_plus_fictitious_15_5_kW_cases,0_1_hz_for_reported_temperature_measurements,exhaust_temperature_flow_rate_layout_and_OpenFOAM_case_files,airflow_cfd_validation_candidate,directly_usable_with_stated_case_scope_after_independent_input_and_measurement_review,license_status_must_be_checked_on_source_record_before_reuse,Source_metadata_only_no_raw_or_derived_records_are_hosted_here,Zenodo_record_and_Data_in_Brief_article,2026-09-26
unimelb-cloud-pm,University_of_Melbourne_cloud_physical-machine_workload_energy_and_temperature_logs,https://zenodo.org/records/10069402,http://hpc.ec.tuwien.ac.at/files/UCC_23_data_center_analysis.pdf,10.5281/zenodo.10069402,measured_operational_telemetry,physical_machine_or_server,server_telemetry_no_cooling_loop_measurements_reported,physical_machine_identity_no_rack_or_room_mapping_reported,dataset1_about_9_months_and_dataset2_about_5_months,10_min,CPU_memory_network_power_CPU_temperature_fan_speed_and_selected_inlet_temperature,node_telemetry_modeling_candidate,conditional_for_server_telemetry_and_load_to_heat_studies_not_a_rack_or_facility_thermal_validation_case,license_not_identified_on_reviewed_source_record,Source_metadata_only_no_raw_or_derived_records_are_hosted_here,Zenodo_record_and_UCC_2023_paper,2026-09-26
google-cluster-2019,Google_clusterdata_2019_Borg_workload_trace,https://github.com/google/cluster-data/blob/master/ClusterData2019.md,https://github.com/google/cluster-data,Google_cluster_usage_traces_v3,measured_operational_workload_trace,cluster_workload_no_thermal_measurements,not_applicable,rack_and_cooling_topology_not_released,May_2019_eight_Borg_cells,5_min_usage_histograms,resource_requests_usage_histograms_alloc_sets_and_job_parent_relationships,workload_context_only,context_only_not_thermal_or_cooling_model_validation,CC_BY_4_0_reported_in_source_documentation,Follow_the_source_license_and_access_terms_do_not_rehost_trace_partitions_here,Official_Google_documentation,2026-09-26
alibaba-gpu-trace-2026,Alibaba_GPU_cluster_trace_v2026,https://github.com/alibaba/clusterdata/tree/master/cluster-trace-gpu-v2026,https://github.com/alibaba/clusterdata,cluster-trace-gpu-v2026,measured_operational_workload_trace,GPU_servers_and_anonymized_topology,not_reported_for_cooling,anonymized_server_and_ASW_rack_topology_at_hourly_resolution,approximately_6_months,1_h,workload_requests_GPU_and_CPU_utilization_server_inventory_anonymized_topology_and_selected_network_traffic,workload_context_only,context_only_not_thermal_or_cooling_model_validation,license_not_identified_in_reviewed_source_documentation,Follow_the_source_download_terms_and_verify_rights_before_reuse_or_redistribution,Official_Alibaba_repository_documentation,2026-09-26
